{"cameraMode":{"drawMode":2,"name":"Shaded Wireframe","section":"Shading Mode"},"sceneLighting":true,"audioPlay":false,"sceneViewState":{"showFog":true,"showMaterialUpdate":false,"showSkybox":true,"showFlares":true,"showImageEffects":true,"showParticleSystems":true},"in2DMode":false,"pivot":{"x":494.00146484375,"y":147.22662353515626,"z":-113.26486206054688},"rotation":{"x":0.06409882754087448,"y":-0.03831404820084572,"z":-0.0024617088492959739,"w":-0.9972050189971924},"size":615.490966796875,"orthographic":false}